{
  "n_draws": 50000,
  "ai_twh_2045_p50": 4270.624220512322,
  "ai_twh_2045_p90": 19774.39844568858,
  "ai_share_2045_p50": 0.09314857479974703,
  "ai_share_2045_p90": 0.32385141960534886,
  "p_ai_share_2045_gt_10pct": 0.47306,
  "p_ai_share_2045_gt_20pct": 0.23146,
  "p_ai_twh_2045_gt_5000": 0.44792,
  "p_supply_stress_any_year": 0.52362
}